{
  "Torso_Hip": {
    "x": 0.19653108174973016,
    "y": 1.0745380811253509e-7,
    "z": -3.298660122315222e-15
  },
  "Torso_Spine": {
    "x": -0.35762304801680095,
    "y": -2.6924288666167374e-7,
    "z": -3.7614065404189034e-8
  },
  "Torso_Chest": {
    "x": 0.04398327412261832,
    "y": 2.578313989180412e-7,
    "z": -7.41263866910929e-9
  },
  "Head_Neck": { "x": 0, "y": 0, "z": 0 },
  "Head_Head": { "x": 0, "y": 0, "z": 0 },
  "Torso_Sholder_L": {
    "x": 0.10972603726149467,
    "y": -0.01868551769324124,
    "z": -1.9471079701686036
  },
  "ArmL_UpperArm_L": { "x": 0, "y": 0, "z": 0 },
  "ArmL_LowerArm_L": {
    "x": 2.9,
    "y": -0.01239092731188445,
    "z": -2.7574127175230885
  },
  "HandL_Hand_L": { "x": 0, "y": 0, "z": 0 },
  "Torso_Sholder_R": {
    "x": 0.10972602447594797,
    "y": 0.018685338876097732,
    "z": 1.9471080145144575
  },
  "ArmR_UpperArm_R": { "x": 0, "y": 0, "z": 0 },
  "ArmR_LowerArm_R": {
    "x": 3.0229301939,
    "y": -0.7986398047,
    "z": 2.8109564598409422
  },
  "HandR_Hand_R": { "x": 0, "y": 0, "z": 0 },
  "LegL_UpperLeg_L": { "x": 0, "y": 0, "z": 0 },
  "LegL_LowerLeg_L": {
    "x": -0.1212363558977517,
    "y": 0.00016531288970585083,
    "z": -0.0017982503427828877
  },
  "FootL_Foot_L": { "x": 0, "y": 0, "z": 0 },
  "FootL_Toes_L": { "x": 0, "y": 0, "z": 0 },
  "LegR_UpperLeg_R": { "x": 0, "y": 0, "z": 0 },
  "LegR_LowerLeg_R": {
    "x": -0.1212363558977517,
    "y": -0.00016531288970585083,
    "z": 0.0017982503427828877
  },
  "FootR_Foot_R": { "x": 0, "y": 0, "z": 0 },
  "FootR_Toes_R": { "x": 0, "y": 0, "z": 0 },
  "Torso_Neck": {
    "x": 0.3201539714,
    "y": 7.562644199227106e-8,
    "z": 2.8137516895876683e-8
  },
  "Torso_UpperArm_L": {
    "x": 0.0799091556,
    "y": -0.1999999498,
    "z": 0.2584366191
  },
  "ArmL_Hand_L": {
    "x": 0.39249209941102536,
    "y": -0.9630314012894036,
    "z": 0.27496975900973836
  },
  "Torso_UpperArm_R": {
    "x": -0.2200908544,
    "y": -5.980974371322393e-8,
    "z": -0.2584366191
  },
  "ArmR_Hand_R": {
    "x": 0.39249195152793687,
    "y": 0.9630310985375402,
    "z": -0.274969783242665
  },
  "Torso_UpperLeg_L": {
    "x": -0.225954442027462,
    "y": -0.002255576471979986,
    "z": -3.065559506135863
  },
  "LegL_Foot_L": {
    "x": 1.1639885633374873,
    "y": -0.06525044225289559,
    "z": -0.03547914545311711
  },
  "Torso_UpperLeg_R": {
    "x": -0.22595871043191387,
    "y": 0.0022549382250402123,
    "z": 3.0655578739084013
  },
  "LegR_Foot_R": {
    "x": 1.1639887139887533,
    "y": 0.06524965468672239,
    "z": 0.03547912687726631
  }
}
