{
    "Torso_Hip": {
        "x": 0.19653108174973016,
        "y": 1.0745380811253509e-7,
        "z": -3.298660122315222e-15
    },
    "Torso_Spine": {
        "x": -0.35762304801680095,
        "y": -2.6924288666167374e-7,
        "z": -3.7614065404189034e-8
    },
    "Torso_Chest": {
        "x": 0.04398327412261832,
        "y": 2.578313989180412e-7,
        "z": -7.41263866910929e-9
    },
    "Head_Neck": {
        "x": 0,
        "y": 0,
        "z": 0
    },
    "Head_Head": {
        "x": -0.144289440712346,
        "y": 7.1514896491257466e-9,
        "z": -2.3076796730286667e-8
    },
    "Torso_Sholder_L": {
        "x": 0.10972603726149467,
        "y": -0.01868551769324124,
        "z": -1.9471079701686036
    },
    "ArmL_UpperArm_L": {
        "x": 0,
        "y": 0,
        "z": 0
    },
    "ArmL_LowerArm_L": {
        "x": 0.3670607212853992,
        "y": -0.02203959304902066,
        "z": -0.09964958427970284
    },
    "HandL_Hand_L": {
        "x": 0,
        "y": 1.57,
        "z": 0
    },
    "Torso_Sholder_R": {
        "x": 0.10972602447594797,
        "y": 0.018685338876097732,
        "z": 1.9471080145144575
    },
    "ArmR_UpperArm_R": {
        "x": 0,
        "y": 0,
        "z": 0
    },
    "ArmR_LowerArm_R": {
        "x": 0.3691745823582184,
        "y": 0.02724367758320986,
        "z": 0.07178006673379587
    },
    "HandR_Hand_R": {
        "x": 0,
        "y": -1.57,
        "z": 0
    },
    "LegL_UpperLeg_L": {
        "x": 0,
        "y": 0,
        "z": 0
    },
    "LegL_LowerLeg_L": {
        "x": -0.1212363558977517,
        "y": 0.00016531288970585083,
        "z": -0.0017982503427828877
    },
    "FootL_Foot_L": {
        "x": 0,
        "y": 0,
        "z": 0
    },
    "FootL_Toes_L": {
        "x": -0.20168379299873285,
        "y": 0.782947708824952,
        "z": 0.5352222181845497
    },
    "LegR_UpperLeg_R": {
        "x": 0,
        "y": 0,
        "z": 0
    },
    "LegR_LowerLeg_R": {
        "x": -0.1212363558977517,
        "y": -0.00016531288970585083,
        "z": 0.0017982503427828877
    },
    "FootR_Foot_R": {
        "x": 0,
        "y": 0,
        "z": 0
    },
    "FootR_Toes_R": {
        "x": -0.20168354184104859,
        "y": -0.7829467476015965,
        "z": -0.5352217717878374
    }
}